name,phone_number,email,date_of_birth,monthly_payment_made,photo_path, last_payment_date
Anthony Ellis,694.740.9063,kathryn53@george.com,1965-10-26,True,data/raw/1_(1).jpg,2021-01-02
Christopher Bright,(693)053-5806x5010,mariah90@hotmail.com,1988-11-12,False,data/raw/1_(2).jpg,2021-01-03
Barry Boyle,(142)465-4475,letodd@potter.com,2002-08-10,True,data/raw/1_(3).jpg,2021-01-04
Aaron Vargas,314.213.6046,ulopez@sloan.com,2003-03-15,False,data/raw/1_(4).jpg,2021-01-05
Mark Ford,+1-390-047-9262x159,william62@hotmail.com,1993-06-17,False,data/raw/1_(5).jpg, 2021-01-06
Mike Williams,+1-577-604-6786x10999,llopez@horton-collins.com,1961-02-17,True,data/raw/1_(6).jpg,2021-01-07
Christopher Turner,+1-959-562-7252,padillajerry@foster-avila.com,1997-08-21,False,data/raw/1_(7).jpg,2021-10-08
Justin Simon,(899)692-0522x7739,jeremy61@yahoo.com,1995-06-22,True,data/raw/1_(8).jpg,2021-10-09
Phillip Mccall,234.790.4184x9571,davismichael@johnson.org,1964-02-26,True,data/raw/1_(9).jpg,2021-10-10
Clayton Foster,190.751.4744,maria66@rubio.biz,1986-09-21,True,data/raw/1_(10).jpg,2021-10-11
Bryce Mcclain,3058584327,cassidymontgomery@yahoo.com,1959-03-14,False,data/raw/1_(11).jpg,2021-05-12
Anthony Chan,(844)634-0508x94011,barrettkevin@gmail.com,1967-03-26,True,data/raw/1_(12).jpg,2021-05-13
Michael Collier,001-809-147-6875,qjohnson@hotmail.com,1968-03-30,True,data/raw/1_(13).jpg,2021-05-14
Todd Smith,001-812-334-9545x90555,brios@tanner.com,1997-03-28,False,data/raw/1_(14).jpg,2021-05-15
Richard Scott,001-227-093-4053x3662,bwallace@hotmail.com,1970-12-14,True,data/raw/1_(15).jpg,2021-03-16
Eric Francis,3164136515,poolesharon@cruz-good.com,2003-05-03,True,data/raw/1_(16).jpg,2021-03-17
Austin Mckenzie,001-888-493-7252,hartmary@yahoo.com,1956-04-10,True,data/raw/1_(17).jpg,2021-03-18
Raymond Perez,(738)471-8484,krystal09@molina-simmons.com,1972-05-26,False,data/raw/1_(18).jpg,2021-03-19
Adam Park,926.630.2860,xpruitt@sherman-jordan.com,1994-12-17,False,data/raw/1_(19).jpg,2021-09-20
Charles Guerra,422-639-8568,jacksonkyle@mccullough.net,1956-01-10,False,data/raw/1_(20).jpg,2021-09-21
Kelly Gonzalez,693.042.9915x612,owenkirk@chang.org,1960-02-21,True,data/raw/0_(1).jpg,2021-09-22
Sydney Dickerson,001-875-399-8354x278,sgrant@hotmail.com,1961-08-06,False,data/raw/0_(2).jpg,2021-09-23
Candice Sexton,890.200.2012,solisnicholas@gordon.net,1960-12-14,True,data/raw/0_(3).jpg,2021-11-24
Kimberly Davis,(681)181-7920,jamesashley@dawson.biz,1994-07-20,False,data/raw/0_(4).jpg,2021-11-25
Allison Charles,(446)218-2607x20933,eharvey@yahoo.com,1974-11-26,True,data/raw/0_(5).jpg,2021-11-26
Barbara Mueller,001-746-225-6492x049,petersonluis@lyons.com,2001-06-19,True,data/raw/0_(6).jpg,2021-11-27
Krystal Oconnor,857-948-3695,alexis04@gmail.com,1995-12-08,True,data/raw/0_(7).jpg,2021-02-01
Yesenia Williams,+1-355-453-9272x8014,morgan46@gmail.com,1974-10-05,True,data/raw/0_(8).jpg,2021-02-02
Kelly Brooks,001-341-032-9653,rogerhernandez@olsen.info,1991-04-09,True,data/raw/0_(9).jpg,2021-02-03
Samantha Parker,+1-912-151-4644x9200,hogandeanna@gmail.com,1987-07-16,True,data/raw/0_(10).jpg,2021-02-04
Jennifer Adkins,001-545-420-5107x94370,ydorsey@gray.com,1973-07-11,True,data/raw/0_(11).jpg,2021-07-05
Colleen Ross,+1-103-003-3867x398,hwilson@wilson-roberts.org,1984-08-14,True,data/raw/0_(12).jpg,2021-07-06
Elizabeth Petersen,001-982-965-2800x2092,john23@yahoo.com,1994-10-08,True,data/raw/0_(13).jpg,2021-07-07
Amanda Rogers,574.055.4806x5951,psanchez@strickland.com,1992-09-07,True,data/raw/0_(14).jpg,2021-07-08
Kathryn Mitchell,+1-620-555-4069x7515,sullivansteven@yahoo.com,2000-12-30,False,data/raw/0_(15).jpg,2021-07-09
Lisa Snyder,001-175-648-1755x14393,nmitchell@boyd.com,1962-08-25,True,data/raw/0_(16).jpg,2021-09-10
Julie May,038.912.5422,omarks@yahoo.com,1967-01-16,True,data/raw/0_(17).jpg,2021-09-11
Stephanie Cordova,5173385763,cowanvincent@haley-smith.com,1995-03-15,False,data/raw/0_(18).jpg,2021-09-12
Ann Zhang MD,(813)532-6184x45515,josebaker@yahoo.com,1955-09-06,False,data/raw/0_(19).jpg,2021-09-13
Hannah Floyd,+1-068-720-2007x0993,alejandracruz@hotmail.com,1982-07-04,True,data/raw/0_(20).jpg,2021-09-14
